"For the followi..  [I found playing.. ]","For the followi..  [I had fun using.. ]","For the followi..  [Using the games.. ]","For the followi..  [The games conso.. ]","For the followi..  [The games conso.. ]","For the followi..  [The games conso.. ]","For the followi..  [I had a lot of .. ]","For the followi..  [I could chose f.. ]","For the followi..  [I had little co.. ]","For the followi..  [I was in control]","For the followi..  [I had no contro.. ]","For the followi..  [I was allowed t.. ]","For the followi..  [I was able to b.. ]","For the followi..  [I was absorbed .. ]","For the followi..  [I was immersed .. ]","For the followi..  [I was distracte.. ]","For the followi..  [Time appeared t.. ]","For the followi..  [I lost track of.. ]","For the followi..  [Time ""flew"" whe.. ]","For the followi..  [This experience.. ]","For the followi..  [This experience.. ]","For the followi..  [This experience.. ]","For the followi..  [My interaction .. ]","For the followi..  [Interacting wit.. ]","For the followi..  [I found the gam.. ]","For the followi..  [I found it easy.. ]","For the followi..  [It was simple t.. ]","For the followi..  [It was easy for.. ]","For the followi..  [I found the gam.. ]","For the followi..  [The games conso.. ]","For the followi..  [The games conso.. ]","For the followi..  [The games conso.. ]","For the followi..  [The games conso.. ]","For the followi..  [The games conso.. ]","For the followi..  [I would plan on.. ]","For the followi..  [I would intend .. ]","For the followi..  [I expect my use.. ]"
"A7","A5","A2","A3","A5","A4","A2","A3","A5","A4","A3","A5","A6","A7","A6","A2","A7","A7","A7","A6","A6","A4","A3","A3","A3","A3","A5","A5","A4","A4","A6","A7","A5","A5","A6","A6","A5"
"A2","A5","A2","A6","A4","A7","A3","A1","A4","A3","A3","A5","A3","A5","A5","A7","A6","A6","A6","A6","A6","A5","A6","A3","A2","A3","A3","A4","A3","A3","A5","A5","A2","A4","A3","A3","A4"
"A5","A5","A3","A5","A4","A3","A2","A6","A5","A3","A2","A5","A5","A6","A6","A2","A6","A6","A6","A7","A7","A5","A7","A7","A5","A6","A6","A6","A6","A2","A7","A6","A2","A5","A6","A6","A6"
"A5","A5","A2","A3","A4","A5","A3","A5","A3","A5","A1","A6","A6","A5","A5","A2","A5","A3","A3","A6","A6","A6","A3","A5","A3","A3","A3","A3","A6","A3","A5","A5","A4","A3","A5","A5","A3"
"A5","A5","A2","A4","A5","A3","A5","A4","A3","A5","A1","A7","A7","A7","A6","A2","A6","A6","A6","A6","A6","A3","A7","A6","A6","A6","A6","A6","A6","A3","A6","A6","A4","A5","A6","A6","A6"
"A5","A5","A3","A4","A6","A5","A3","A3","A5","A4","A2","A6","A7","A7","A7","A1","A5","A6","A5","A6","A6","A5","A4","A3","A3","A3","A3","A3","A4","A6","A6","A6","A4","A5","A3","A4","A4"
"A1","A2","A6","A4","A3","A6","A4","A2","A6","A4","A6","A6","A6","A4","A3","A2","A5","A7","A6","A4","A5","A2","A3","A2","A6","A3","A3","A5","A6","A1","A3","A3","A1","A4","A2","A2","A2"
"A5","A6","A2","A5","A5","A7","A3","A3","A5","A4","A2","A6","A5","A7","A7","A2","A7","A7","A7","A6","A6","A4","A6","A6","A2","A5","A4","A6","A5","A2","A6","A4","A2","A3","A3","A3","A3"
"A2","A3","A4","A5","A3","A5","A5","A2","A5","A3","A3","A3","A3","A2","A2","A2","A1","A1","A1","A1","A1","A1","A1","A1","A1","A1","A1","A1","A3","A1","A1","A1","A1","A1","A1","A1","A1"
"A4","A4","A4","A4","A4","A4","A4","A4","A4","A4","A4","A4","A4","A4","A4","A4","A4","A4","A4","A4","A4","A4","A4","A4","A4","A5","A4","A3","A5","A3","A4","A4","A4","A4","A4","A4","A4"
"A1","A1","A1","A1","A1","A1","A1","A1","A1","A1","A1","A1","A1","A1","A1","A1","A1","A1","A1","A1","A1","A1","A1","A1","A1","A1","A1","A1","A1","A1","A1","A1","A1","A1","A1","A1","A1"

